<?xml version="1.0" encoding="utf-8"?>
<!--/2446270/1283873/2.50/15/4/Connector/-->
<quadcept_library>
  <setting unit="mil" />
  <textstyle name="Default" height="47.244094488189" strokewidth="7.8740157480315" charwidth="47.244094488189" />
  <textstyle name="Dimension" height="19.6850393700787" strokewidth="0" charwidth="19.6850393700787" />
  <textstyle name="H127W0635TH00762" height="50" strokewidth="3" charwidth="25" />
  <textstyle name="H15W15TH02" height="59.0551181102362" strokewidth="7.8740157480315" charwidth="59.0551181102362" />
  <padstyle name="r150_100" surface="True" plated="False" isvia="False" nopaste="False" nomask="True" complex="False" holesize="0">
    <padshape layer="TOP" shape="rectangle" width="39.370078740157" height="59.055118110235" />
    <padshape layer="TOP_SOLDER_MASK" shape="rectangle" width="47.244094488188" height="66.929133858267" />
    <padshape layer="TOP_SOLDER_PASTE" shape="rectangle" width="39.370078740157" height="59.055118110235" />
  </padstyle>
  <padstyle name="c80_h160" surface="False" plated="True" isvia="False" nopaste="True" nomask="True" complex="False" holesize="62.992125984251">
    <padshape layer="TOP" shape="round" width="31.496062992126" height="31.496062992126" />
    <padshape layer="TOP_SOLDER_MASK" shape="round" width="39.370078740157" height="39.370078740157" />
    <padshape layer="INNER" shape="round" width="31.496062992126" height="31.496062992126" />
    <padshape layer="BOTTOM" shape="round" width="31.496062992126" height="31.496062992126" />
    <padshape layer="BOTTOM_SOLDER_MASK" shape="round" width="39.370078740157" height="39.370078740157" />
  </padstyle>
  <padstyle name="c55_h110" surface="False" plated="True" isvia="False" nopaste="True" nomask="True" complex="False" holesize="43.307086614173">
    <padshape layer="TOP" shape="round" width="21.653543307086" height="21.653543307086" />
    <padshape layer="TOP_SOLDER_MASK" shape="round" width="29.527559055118" height="29.527559055118" />
    <padshape layer="INNER" shape="round" width="21.653543307086" height="21.653543307086" />
    <padshape layer="BOTTOM" shape="round" width="21.653543307086" height="21.653543307086" />
    <padshape layer="BOTTOM_SOLDER_MASK" shape="round" width="29.527559055118" height="29.527559055118" />
  </padstyle>
  <padstyle name="r280_150" surface="True" plated="False" isvia="False" nopaste="False" nomask="True" complex="False" holesize="0">
    <padshape layer="TOP" shape="rectangle" width="59.055118110235" height="110.23622047244" />
    <padshape layer="TOP_SOLDER_MASK" shape="rectangle" width="66.929133858267" height="118.11023622047" />
    <padshape layer="TOP_SOLDER_PASTE" shape="rectangle" width="59.055118110235" height="110.23622047244" />
  </padstyle>
  <padstyle name="r150_70" surface="True" plated="False" isvia="False" nopaste="False" nomask="True" complex="False" holesize="0">
    <padshape layer="TOP" shape="rectangle" width="27.55905511811" height="59.055118110235" />
    <padshape layer="TOP_SOLDER_MASK" shape="rectangle" width="35.433070866141" height="66.929133858267" />
    <padshape layer="TOP_SOLDER_PASTE" shape="rectangle" width="27.55905511811" height="59.055118110235" />
  </padstyle>
  <footprint name="GMC020080HR" originx="0" originy="0" pickpointx="0" pickpointy="0">
    <pcbpin number="1" name="1" style="r150_100" originx="-270.47244094488" originy="-354.33070866141" rotation="0" />
    <pcbpin number="2" name="2" style="r150_100" originx="-172.04724409449" originy="-354.33070866141" rotation="0" />
    <pcbpin number="3" name="3" style="r150_100" originx="-73.622047244094" originy="-354.33070866141" rotation="0" />
    <pcbpin number="4" name="4" style="r150_100" originx="24.803149606299" originy="-354.33070866141" rotation="0" />
    <pcbpin number="5" name="5" style="r150_100" originx="123.22834645669" originy="-354.33070866141" rotation="0" />
    <pcbpin number="6" name="6" style="r150_100" originx="221.65354330708" originy="-354.33070866141" rotation="0" />
    <pcbpin number="7" name="7" style="r150_100" originx="320.07874015748" originy="-354.33070866141" rotation="0" />
    <pcbpin number="8" name="8" style="r150_100" originx="383.85826771653" originy="-354.33070866141" rotation="0" />
    <pcbpin number="9" name="9" style="r150_100" originx="-368.89763779527" originy="-354.33070866141" rotation="0" />
    <pcbpin number="10" name="MH1" style="c80_h160" originx="-374.01574803149" originy="-244.09448818897" rotation="90" />
    <pcbpin number="11" name="MH2" style="c55_h110" originx="452.75590551181" originy="-244.09448818897" rotation="90" />
    <pcbpin number="12" name="MP1" style="r280_150" originx="-537.40157480314" originy="287.40157480315" rotation="0" />
    <pcbpin number="13" name="MP2" style="r280_150" originx="-450.7874015748" originy="-283.46456692913" rotation="0" />
    <pcbpin number="14" name="MP3" style="r150_70" originx="431.88976377952" originy="-354.33070866141" rotation="0" />
    <pcbpin number="15" name="MP4" style="r150_70" originx="479.52755905511" originy="-354.33070866141" rotation="0" />
    <pcbpin number="16" name="MP5" style="r280_150" originx="537.40157480314" originy="-283.46456692913" rotation="0" />
    <pcbpin number="17" name="MP6" style="r280_150" originx="537.40157480314" originy="287.40157480315" rotation="0" />
    <line layer="TOP_ASSEMBLY" originx="-476.3779527559" originy="-326.7716535433" endx="476.3779527559" endy="-326.7716535433" width="7.8740157480314" />
    <line layer="TOP_ASSEMBLY" originx="476.3779527559" originy="-326.7716535433" endx="476.3779527559" endy="326.7716535433" width="7.8740157480314" />
    <line layer="TOP_ASSEMBLY" originx="476.3779527559" originy="326.7716535433" endx="-476.3779527559" endy="326.7716535433" width="7.8740157480314" />
    <line layer="TOP_ASSEMBLY" originx="-476.3779527559" originy="326.7716535433" endx="-476.3779527559" endy="-326.7716535433" width="7.8740157480314" />
    <line layer="TOP_SILKSCREEN" originx="-476.3779527559" originy="326.7716535433" endx="-476.3779527559" endy="326.7716535433" width="3.9370078740157" />
    <line layer="TOP_SILKSCREEN" originx="-476.3779527559" originy="326.7716535433" endx="-476.3779527559" endy="-196.85039370078" width="3.9370078740157" />
    <line layer="TOP_SILKSCREEN" originx="-476.3779527559" originy="-196.85039370078" endx="-476.3779527559" endy="-196.85039370078" width="3.9370078740157" />
    <line layer="TOP_SILKSCREEN" originx="-476.3779527559" originy="-196.85039370078" endx="-476.3779527559" endy="326.7716535433" width="3.9370078740157" />
    <line layer="TOP_SILKSCREEN" originx="476.3779527559" originy="-196.85039370078" endx="476.3779527559" endy="-196.85039370078" width="3.9370078740157" />
    <line layer="TOP_SILKSCREEN" originx="476.3779527559" originy="-196.85039370078" endx="476.3779527559" endy="326.7716535433" width="3.9370078740157" />
    <line layer="TOP_SILKSCREEN" originx="476.3779527559" originy="326.7716535433" endx="476.3779527559" endy="326.7716535433" width="3.9370078740157" />
    <line layer="TOP_SILKSCREEN" originx="476.3779527559" originy="326.7716535433" endx="476.3779527559" endy="-196.85039370078" width="3.9370078740157" />
    <line layer="TOP_SILKSCREEN" originx="476.3779527559" originy="326.7716535433" endx="-476.3779527559" endy="326.7716535433" width="3.9370078740157" />
    <line layer="TOP_SILKSCREEN" originx="-476.3779527559" originy="326.7716535433" endx="-476.3779527559" endy="326.7716535433" width="3.9370078740157" />
    <line layer="TOP_SILKSCREEN" originx="-476.3779527559" originy="326.7716535433" endx="476.3779527559" endy="326.7716535433" width="3.9370078740157" />
    <line layer="TOP_SILKSCREEN" originx="476.3779527559" originy="326.7716535433" endx="476.3779527559" endy="326.7716535433" width="3.9370078740157" />
    <line layer="TOP_PLACE_BOUND" originx="-606.29921259842" originy="381.88976377952" endx="606.29921259842" endy="381.88976377952" width="3.9370078740157" />
    <line layer="TOP_PLACE_BOUND" originx="606.29921259842" originy="381.88976377952" endx="606.29921259842" endy="-438.97637795275" width="3.9370078740157" />
    <line layer="TOP_PLACE_BOUND" originx="606.29921259842" originy="-438.97637795275" endx="-606.29921259842" endy="-438.97637795275" width="3.9370078740157" />
    <line layer="TOP_PLACE_BOUND" originx="-606.29921259842" originy="-438.97637795275" endx="-606.29921259842" endy="381.88976377952" width="3.9370078740157" />
    <line layer="TOP_SILKSCREEN" originx="-275.5905511811" originy="-397.63779527559" endx="-275.5905511811" endy="-397.63779527559" width="7.8740157480314" />
    <arc layer="TOP_SILKSCREEN" originx="-273.62204724409" originy="-397.63779527559" startangle="180.0" sweepangle="180.0" radius="1.9685039370078" width="7.8740157480314" />
    <line layer="TOP_SILKSCREEN" originx="-271.65354330708" originy="-397.63779527559" endx="-271.65354330708" endy="-397.63779527559" width="7.8740157480314" />
    <arc layer="TOP_SILKSCREEN" originx="-273.62204724409" originy="-397.63779527559" startangle=".0" sweepangle="180.0" radius="1.9685039370078" width="7.8740157480314" />
    <line layer="TOP_SILKSCREEN" originx="-275.5905511811" originy="-397.63779527559" endx="-275.5905511811" endy="-397.63779527559" width="7.8740157480314" />
    <arc layer="TOP_SILKSCREEN" originx="-273.62204724409" originy="-397.63779527559" startangle="180.0" sweepangle="180.0" radius="1.9685039370078" width="7.8740157480314" />
  </footprint>
  <symbol name="GMC020080HR" originx="0" originy="0">
    <line originx="200" originy="100" endx="1200" endy="100" width="0" />
    <line originx="1200" originy="-800" endx="1200" endy="100" width="0" />
    <line originx="1200" originy="-800" endx="200" endy="-800" width="0" />
    <line originx="200" originy="100" endx="200" endy="-800" width="0" />
    <sympin number="1" originx="200" originy="0" rotation="180" length="100" width="7.8740157480315" flipped="False">
      <text name="pinname" originx="230" originy="0" style="Default" rotation="0" justify="left" flipped="False" hidden="False" data="CD/DAT3" />
      <text name="pindes" originx="140" originy="20" style="Default" rotation="0" justify="lowerright" flipped="False" hidden="False" data="1" />
    </sympin>
    <sympin number="2" originx="200" originy="-100" rotation="180" length="100" width="7.8740157480315" flipped="False">
      <text name="pinname" originx="230" originy="-100" style="Default" rotation="0" justify="left" flipped="False" hidden="False" data="CMD" />
      <text name="pindes" originx="140" originy="-80" style="Default" rotation="0" justify="lowerright" flipped="False" hidden="False" data="2" />
    </sympin>
    <sympin number="3" originx="200" originy="-200" rotation="180" length="100" width="7.8740157480315" flipped="False">
      <text name="pinname" originx="230" originy="-200" style="Default" rotation="0" justify="left" flipped="False" hidden="False" data="VSS1" />
      <text name="pindes" originx="140" originy="-180" style="Default" rotation="0" justify="lowerright" flipped="False" hidden="False" data="3" />
    </sympin>
    <sympin number="4" originx="200" originy="-300" rotation="180" length="100" width="7.8740157480315" flipped="False">
      <text name="pinname" originx="230" originy="-300" style="Default" rotation="0" justify="left" flipped="False" hidden="False" data="VDD" />
      <text name="pindes" originx="140" originy="-280" style="Default" rotation="0" justify="lowerright" flipped="False" hidden="False" data="4" />
    </sympin>
    <sympin number="5" originx="200" originy="-400" rotation="180" length="100" width="7.8740157480315" flipped="False">
      <text name="pinname" originx="230" originy="-400" style="Default" rotation="0" justify="left" flipped="False" hidden="False" data="CLK" />
      <text name="pindes" originx="140" originy="-380" style="Default" rotation="0" justify="lowerright" flipped="False" hidden="False" data="5" />
    </sympin>
    <sympin number="6" originx="200" originy="-500" rotation="180" length="100" width="7.8740157480315" flipped="False">
      <text name="pinname" originx="230" originy="-500" style="Default" rotation="0" justify="left" flipped="False" hidden="False" data="VSS2" />
      <text name="pindes" originx="140" originy="-480" style="Default" rotation="0" justify="lowerright" flipped="False" hidden="False" data="6" />
    </sympin>
    <sympin number="7" originx="200" originy="-600" rotation="180" length="100" width="7.8740157480315" flipped="False">
      <text name="pinname" originx="230" originy="-600" style="Default" rotation="0" justify="left" flipped="False" hidden="False" data="DAT0" />
      <text name="pindes" originx="140" originy="-580" style="Default" rotation="0" justify="lowerright" flipped="False" hidden="False" data="7" />
    </sympin>
    <sympin number="8" originx="200" originy="-700" rotation="180" length="100" width="7.8740157480315" flipped="False">
      <text name="pinname" originx="230" originy="-700" style="Default" rotation="0" justify="left" flipped="False" hidden="False" data="DAT1" />
      <text name="pindes" originx="140" originy="-680" style="Default" rotation="0" justify="lowerright" flipped="False" hidden="False" data="8" />
    </sympin>
    <sympin number="9" originx="1200" originy="0" rotation="0" length="100" width="7.8740157480315" flipped="False">
      <text name="pinname" originx="1170" originy="0" style="Default" rotation="0" justify="right" flipped="False" hidden="False" data="DAT2" />
      <text name="pindes" originx="1260" originy="20" style="Default" rotation="0" justify="lowerleft" flipped="False" hidden="False" data="9" />
    </sympin>
    <sympin number="10" originx="1200" originy="-100" rotation="0" length="100" width="7.8740157480315" flipped="False">
      <text name="pinname" originx="1170" originy="-100" style="Default" rotation="0" justify="right" flipped="False" hidden="False" data="GND_1" />
      <text name="pindes" originx="1260" originy="-80" style="Default" rotation="0" justify="lowerleft" flipped="False" hidden="False" data="MP1" />
    </sympin>
    <sympin number="11" originx="1200" originy="-200" rotation="0" length="100" width="7.8740157480315" flipped="False">
      <text name="pinname" originx="1170" originy="-200" style="Default" rotation="0" justify="right" flipped="False" hidden="False" data="GND_2" />
      <text name="pindes" originx="1260" originy="-180" style="Default" rotation="0" justify="lowerleft" flipped="False" hidden="False" data="MP2" />
    </sympin>
    <sympin number="12" originx="1200" originy="-300" rotation="0" length="100" width="7.8740157480315" flipped="False">
      <text name="pinname" originx="1170" originy="-300" style="Default" rotation="0" justify="right" flipped="False" hidden="False" data="CD_PIN" />
      <text name="pindes" originx="1260" originy="-280" style="Default" rotation="0" justify="lowerleft" flipped="False" hidden="False" data="MP3" />
    </sympin>
    <sympin number="13" originx="1200" originy="-400" rotation="0" length="100" width="7.8740157480315" flipped="False">
      <text name="pinname" originx="1170" originy="-400" style="Default" rotation="0" justify="right" flipped="False" hidden="False" data="WP_PIN" />
      <text name="pindes" originx="1260" originy="-380" style="Default" rotation="0" justify="lowerleft" flipped="False" hidden="False" data="MP4" />
    </sympin>
    <sympin number="14" originx="1200" originy="-500" rotation="0" length="100" width="7.8740157480315" flipped="False">
      <text name="pinname" originx="1170" originy="-500" style="Default" rotation="0" justify="right" flipped="False" hidden="False" data="GND_3" />
      <text name="pindes" originx="1260" originy="-480" style="Default" rotation="0" justify="lowerleft" flipped="False" hidden="False" data="MP5" />
    </sympin>
    <sympin number="15" originx="1200" originy="-600" rotation="0" length="100" width="7.8740157480315" flipped="False">
      <text name="pinname" originx="1170" originy="-600" style="Default" rotation="0" justify="right" flipped="False" hidden="False" data="GND_4" />
      <text name="pindes" originx="1260" originy="-580" style="Default" rotation="0" justify="lowerleft" flipped="False" hidden="False" data="MP6" />
    </sympin>
  </symbol>
  <component name="GMC020080HR" designatorprefix="J" height="112.99212598425" footprint="GMC020080HR">
    <comppin designator="1" sympin="1" pinswap="0" gateswap="0" gate="1" group="1" side="" type="Any" name="CD/DAT3" />
    <comppin designator="2" sympin="2" pinswap="0" gateswap="0" gate="1" group="1" side="" type="Any" name="CMD" />
    <comppin designator="3" sympin="3" pinswap="0" gateswap="0" gate="1" group="1" side="" type="Any" name="VSS1" />
    <comppin designator="4" sympin="4" pinswap="0" gateswap="0" gate="1" group="1" side="" type="Any" name="VDD" />
    <comppin designator="5" sympin="5" pinswap="0" gateswap="0" gate="1" group="1" side="" type="Any" name="CLK" />
    <comppin designator="6" sympin="6" pinswap="0" gateswap="0" gate="1" group="1" side="" type="Any" name="VSS2" />
    <comppin designator="7" sympin="7" pinswap="0" gateswap="0" gate="1" group="1" side="" type="Any" name="DAT0" />
    <comppin designator="8" sympin="8" pinswap="0" gateswap="0" gate="1" group="1" side="" type="Any" name="DAT1" />
    <comppin designator="9" sympin="9" pinswap="0" gateswap="0" gate="1" group="1" side="" type="Any" name="DAT2" />
    <comppin designator="MP1" sympin="10" pinswap="0" gateswap="0" gate="1" group="1" side="" type="Any" name="GND_1" />
    <comppin designator="MP2" sympin="11" pinswap="0" gateswap="0" gate="1" group="1" side="" type="Any" name="GND_2" />
    <comppin designator="MP3" sympin="12" pinswap="0" gateswap="0" gate="1" group="1" side="" type="Any" name="CD_PIN" />
    <comppin designator="MP4" sympin="13" pinswap="0" gateswap="0" gate="1" group="1" side="" type="Any" name="WP_PIN" />
    <comppin designator="MP5" sympin="14" pinswap="0" gateswap="0" gate="1" group="1" side="" type="Any" name="GND_3" />
    <comppin designator="MP6" sympin="15" pinswap="0" gateswap="0" gate="1" group="1" side="" type="Any" name="GND_4" />
    <attached_symbol gate="1" name="GMC020080HR" />
    <pinmap designator="1" footprintpin="1" />
    <pinmap designator="2" footprintpin="2" />
    <pinmap designator="3" footprintpin="3" />
    <pinmap designator="4" footprintpin="4" />
    <pinmap designator="5" footprintpin="5" />
    <pinmap designator="6" footprintpin="6" />
    <pinmap designator="7" footprintpin="7" />
    <pinmap designator="8" footprintpin="8" />
    <pinmap designator="9" footprintpin="9" />
    <pinmap designator="MP1" footprintpin="10" />
    <pinmap designator="MP2" footprintpin="11" />
    <pinmap designator="MP3" footprintpin="12" />
    <pinmap designator="MP4" footprintpin="13" />
    <pinmap designator="MP5" footprintpin="14" />
    <pinmap designator="MP6" footprintpin="15" />
    <text name="Datasheet" originx="0" originy="0" style="Default" rotation="0" justify="" flipped="False" hidden="True" data="https://componentsearchengine.com/Datasheets/1/GMC020080HR.pdf" />
    <text name="Description" originx="0" originy="0" style="Default" rotation="0" justify="" flipped="False" hidden="True" data="Memory Card Connectors 2 In 1 Connector Sd+mmc" />
    <text name="Mouser Part Number" originx="0" originy="0" style="Default" rotation="0" justify="" flipped="False" hidden="True" data="523-GMC020080HR" />
    <text name="Mouser Price/Stock" originx="0" originy="0" style="Default" rotation="0" justify="" flipped="False" hidden="True" data="https://www.mouser.co.uk/ProductDetail/Amphenol-Commercial-Products/GMC020080HR?qs=W0yvOO0ixfGUck2%252BUqFamw%3D%3D" />
    <text name="Manufacturer_Name" originx="0" originy="0" style="Default" rotation="0" justify="" flipped="False" hidden="True" data="Amphenol" />
    <text name="Manufacturer_Part_Number" originx="1250" originy="200" style="Default" rotation="0" justify="left" flipped="False" hidden="False" data="GMC020080HR" />
  </component>
</quadcept_library>
