<?xml version="1.0" encoding="utf-8"?>
<!--/19249702/1283873/2.50/15/3/Connector/-->
<quadcept_library>
  <setting unit="mil" />
  <textstyle name="Default" height="47.244094488189" strokewidth="7.8740157480315" charwidth="47.244094488189" />
  <textstyle name="Dimension" height="19.6850393700787" strokewidth="0" charwidth="19.6850393700787" />
  <textstyle name="H127W0635TH00762" height="50" strokewidth="3" charwidth="25" />
  <textstyle name="H15W15TH02" height="59.0551181102362" strokewidth="7.8740157480315" charwidth="59.0551181102362" />
  <padstyle name="r180_100" surface="True" plated="False" isvia="False" nopaste="False" nomask="True" complex="False" holesize="0">
    <padshape layer="TOP" shape="rectangle" width="39.370078740157" height="70.866141732283" />
    <padshape layer="TOP_SOLDER_MASK" shape="rectangle" width="47.244094488188" height="78.740157480314" />
    <padshape layer="TOP_SOLDER_PASTE" shape="rectangle" width="39.370078740157" height="70.866141732283" />
  </padstyle>
  <padstyle name="r180_70" surface="True" plated="False" isvia="False" nopaste="False" nomask="True" complex="False" holesize="0">
    <padshape layer="TOP" shape="rectangle" width="27.55905511811" height="70.866141732283" />
    <padshape layer="TOP_SOLDER_MASK" shape="rectangle" width="35.433070866141" height="78.740157480314" />
    <padshape layer="TOP_SOLDER_PASTE" shape="rectangle" width="27.55905511811" height="70.866141732283" />
  </padstyle>
  <padstyle name="r280_150" surface="True" plated="False" isvia="False" nopaste="False" nomask="True" complex="False" holesize="0">
    <padshape layer="TOP" shape="rectangle" width="59.055118110235" height="110.23622047244" />
    <padshape layer="TOP_SOLDER_MASK" shape="rectangle" width="66.929133858267" height="118.11023622047" />
    <padshape layer="TOP_SOLDER_PASTE" shape="rectangle" width="59.055118110235" height="110.23622047244" />
  </padstyle>
  <padstyle name="c80_h160" surface="False" plated="True" isvia="False" nopaste="True" nomask="True" complex="False" holesize="62.992125984251">
    <padshape layer="TOP" shape="round" width="31.496062992126" height="31.496062992126" />
    <padshape layer="TOP_SOLDER_MASK" shape="round" width="39.370078740157" height="39.370078740157" />
    <padshape layer="INNER" shape="round" width="31.496062992126" height="31.496062992126" />
    <padshape layer="BOTTOM" shape="round" width="31.496062992126" height="31.496062992126" />
    <padshape layer="BOTTOM_SOLDER_MASK" shape="round" width="39.370078740157" height="39.370078740157" />
  </padstyle>
  <padstyle name="c55_h110" surface="False" plated="True" isvia="False" nopaste="True" nomask="True" complex="False" holesize="43.307086614173">
    <padshape layer="TOP" shape="round" width="21.653543307086" height="21.653543307086" />
    <padshape layer="TOP_SOLDER_MASK" shape="round" width="29.527559055118" height="29.527559055118" />
    <padshape layer="INNER" shape="round" width="21.653543307086" height="21.653543307086" />
    <padshape layer="BOTTOM" shape="round" width="21.653543307086" height="21.653543307086" />
    <padshape layer="BOTTOM_SOLDER_MASK" shape="round" width="29.527559055118" height="29.527559055118" />
  </padstyle>
  <footprint name="SD4B" originx="0" originy="0" pickpointx="0" pickpointy="0">
    <pcbpin number="1" name="1" style="r180_100" originx="270.66929133858" originy="343.50393700787" rotation="0" />
    <pcbpin number="2" name="2" style="r180_100" originx="172.24409448819" originy="343.50393700787" rotation="0" />
    <pcbpin number="3" name="3" style="r180_100" originx="73.818897637794" originy="343.50393700787" rotation="0" />
    <pcbpin number="4" name="4" style="r180_100" originx="-24.606299212598" originy="343.50393700787" rotation="0" />
    <pcbpin number="5" name="5" style="r180_100" originx="-123.03149606299" originy="343.50393700787" rotation="0" />
    <pcbpin number="6" name="6" style="r180_100" originx="-221.45669291338" originy="343.50393700787" rotation="0" />
    <pcbpin number="7" name="7" style="r180_100" originx="-319.88188976378" originy="343.50393700787" rotation="0" />
    <pcbpin number="8" name="8" style="r180_100" originx="-384.05511811023" originy="343.50393700787" rotation="0" />
    <pcbpin number="9" name="9" style="r180_100" originx="369.09448818897" originy="343.50393700787" rotation="0" />
    <pcbpin number="10" name="10" style="r180_70" originx="-435.23622047244" originy="343.50393700787" rotation="0" />
    <pcbpin number="11" name="11" style="r180_70" originx="-482.48031496062" originy="343.50393700787" rotation="0" />
    <pcbpin number="12" name="G1" style="r280_150" originx="449.60629921259" originy="266.73228346456" rotation="0" />
    <pcbpin number="13" name="G2" style="r280_150" originx="-537.40157480314" originy="266.73228346456" rotation="0" />
    <pcbpin number="14" name="G3" style="r280_150" originx="-537.40157480314" originy="-308.07086614173" rotation="0" />
    <pcbpin number="15" name="G4" style="r280_150" originx="537.40157480314" originy="-308.07086614173" rotation="0" />
    <pcbpin number="16" name="MH1" style="c80_h160" originx="374.01574803149" originy="227.36220472441" rotation="90" />
    <pcbpin number="17" name="MH2" style="c55_h110" originx="-452.75590551181" originy="227.36220472441" rotation="90" />
    <line layer="TOP_ASSEMBLY" originx="-541.33858267716" originy="-343.50393700787" endx="541.33858267716" endy="-343.50393700787" width="3.9370078740157" />
    <line layer="TOP_ASSEMBLY" originx="541.33858267716" originy="-343.50393700787" endx="541.33858267716" endy="306.10236220472" width="3.9370078740157" />
    <line layer="TOP_ASSEMBLY" originx="541.33858267716" originy="306.10236220472" endx="-541.33858267716" endy="306.10236220472" width="3.9370078740157" />
    <line layer="TOP_ASSEMBLY" originx="-541.33858267716" originy="306.10236220472" endx="-541.33858267716" endy="-343.50393700787" width="3.9370078740157" />
    <line layer="TOP_PLACE_BOUND" originx="-606.29921259842" originy="418.30708661417" endx="606.29921259842" endy="418.30708661417" width="3.9370078740157" />
    <line layer="TOP_PLACE_BOUND" originx="606.29921259842" originy="418.30708661417" endx="606.29921259842" endy="-402.55905511811" width="3.9370078740157" />
    <line layer="TOP_PLACE_BOUND" originx="606.29921259842" originy="-402.55905511811" endx="-606.29921259842" endy="-402.55905511811" width="3.9370078740157" />
    <line layer="TOP_PLACE_BOUND" originx="-606.29921259842" originy="-402.55905511811" endx="-606.29921259842" endy="418.30708661417" width="3.9370078740157" />
    <line layer="TOP_SILKSCREEN" originx="-541.33858267716" originy="196.85039370078" endx="-541.33858267716" endy="-244.09448818897" width="7.8740157480314" />
    <line layer="TOP_SILKSCREEN" originx="-496.06299212598" originy="-343.50393700787" endx="496.06299212598" endy="-343.50393700787" width="7.8740157480314" />
    <line layer="TOP_SILKSCREEN" originx="541.33858267716" originy="-244.09448818897" endx="541.33858267716" endy="306.10236220472" width="7.8740157480314" />
    <line layer="TOP_SILKSCREEN" originx="541.33858267716" originy="306.10236220472" endx="488.18897637795" endy="306.10236220472" width="7.8740157480314" />
    <line layer="TOP_SILKSCREEN" originx="270.66929133858" originy="401.5748031496" endx="270.66929133858" endy="401.5748031496" width="3.9370078740157" />
    <arc layer="TOP_SILKSCREEN" originx="270.66929133858" originy="399.60629921259" startangle="90.0" sweepangle="180.0" radius="1.9685039370078" width="3.9370078740157" />
    <line layer="TOP_SILKSCREEN" originx="270.66929133858" originy="397.63779527559" endx="270.66929133858" endy="397.63779527559" width="3.9370078740157" />
    <arc layer="TOP_SILKSCREEN" originx="270.66929133858" originy="399.60629921259" startangle="-90.0" sweepangle="180.0" radius="1.9685039370078" width="3.9370078740157" />
  </footprint>
  <symbol name="SD-4-B" originx="0" originy="0">
    <line originx="200" originy="100" endx="1100" endy="100" width="0" />
    <line originx="1100" originy="-800" endx="1100" endy="100" width="0" />
    <line originx="1100" originy="-800" endx="200" endy="-800" width="0" />
    <line originx="200" originy="100" endx="200" endy="-800" width="0" />
    <sympin number="1" originx="200" originy="0" rotation="180" length="100" width="7.8740157480315" flipped="False">
      <text name="pinname" originx="230" originy="0" style="Default" rotation="0" justify="left" flipped="False" hidden="False" data="CD/DAT3" />
      <text name="pindes" originx="140" originy="20" style="Default" rotation="0" justify="lowerright" flipped="False" hidden="False" data="1" />
    </sympin>
    <sympin number="2" originx="200" originy="-100" rotation="180" length="100" width="7.8740157480315" flipped="False">
      <text name="pinname" originx="230" originy="-100" style="Default" rotation="0" justify="left" flipped="False" hidden="False" data="CMD" />
      <text name="pindes" originx="140" originy="-80" style="Default" rotation="0" justify="lowerright" flipped="False" hidden="False" data="2" />
    </sympin>
    <sympin number="3" originx="200" originy="-200" rotation="180" length="100" width="7.8740157480315" flipped="False">
      <text name="pinname" originx="230" originy="-200" style="Default" rotation="0" justify="left" flipped="False" hidden="False" data="VSS1" />
      <text name="pindes" originx="140" originy="-180" style="Default" rotation="0" justify="lowerright" flipped="False" hidden="False" data="3" />
    </sympin>
    <sympin number="4" originx="200" originy="-300" rotation="180" length="100" width="7.8740157480315" flipped="False">
      <text name="pinname" originx="230" originy="-300" style="Default" rotation="0" justify="left" flipped="False" hidden="False" data="VDD" />
      <text name="pindes" originx="140" originy="-280" style="Default" rotation="0" justify="lowerright" flipped="False" hidden="False" data="4" />
    </sympin>
    <sympin number="5" originx="200" originy="-400" rotation="180" length="100" width="7.8740157480315" flipped="False">
      <text name="pinname" originx="230" originy="-400" style="Default" rotation="0" justify="left" flipped="False" hidden="False" data="CLK" />
      <text name="pindes" originx="140" originy="-380" style="Default" rotation="0" justify="lowerright" flipped="False" hidden="False" data="5" />
    </sympin>
    <sympin number="6" originx="200" originy="-500" rotation="180" length="100" width="7.8740157480315" flipped="False">
      <text name="pinname" originx="230" originy="-500" style="Default" rotation="0" justify="left" flipped="False" hidden="False" data="VSS2" />
      <text name="pindes" originx="140" originy="-480" style="Default" rotation="0" justify="lowerright" flipped="False" hidden="False" data="6" />
    </sympin>
    <sympin number="7" originx="200" originy="-600" rotation="180" length="100" width="7.8740157480315" flipped="False">
      <text name="pinname" originx="230" originy="-600" style="Default" rotation="0" justify="left" flipped="False" hidden="False" data="DAT0" />
      <text name="pindes" originx="140" originy="-580" style="Default" rotation="0" justify="lowerright" flipped="False" hidden="False" data="7" />
    </sympin>
    <sympin number="8" originx="200" originy="-700" rotation="180" length="100" width="7.8740157480315" flipped="False">
      <text name="pinname" originx="230" originy="-700" style="Default" rotation="0" justify="left" flipped="False" hidden="False" data="DAT1" />
      <text name="pindes" originx="140" originy="-680" style="Default" rotation="0" justify="lowerright" flipped="False" hidden="False" data="8" />
    </sympin>
    <sympin number="9" originx="1100" originy="0" rotation="0" length="100" width="7.8740157480315" flipped="False">
      <text name="pinname" originx="1070" originy="0" style="Default" rotation="0" justify="right" flipped="False" hidden="False" data="DAT2" />
      <text name="pindes" originx="1160" originy="20" style="Default" rotation="0" justify="lowerleft" flipped="False" hidden="False" data="9" />
    </sympin>
    <sympin number="10" originx="1100" originy="-100" rotation="0" length="100" width="7.8740157480315" flipped="False">
      <text name="pinname" originx="1070" originy="-100" style="Default" rotation="0" justify="right" flipped="False" hidden="False" data="CD" />
      <text name="pindes" originx="1160" originy="-80" style="Default" rotation="0" justify="lowerleft" flipped="False" hidden="False" data="10" />
    </sympin>
    <sympin number="11" originx="1100" originy="-200" rotation="0" length="100" width="7.8740157480315" flipped="False">
      <text name="pinname" originx="1070" originy="-200" style="Default" rotation="0" justify="right" flipped="False" hidden="False" data="WP" />
      <text name="pindes" originx="1160" originy="-180" style="Default" rotation="0" justify="lowerleft" flipped="False" hidden="False" data="11" />
    </sympin>
    <sympin number="12" originx="1100" originy="-300" rotation="0" length="100" width="7.8740157480315" flipped="False">
      <text name="pinname" originx="1070" originy="-300" style="Default" rotation="0" justify="right" flipped="False" hidden="False" data="GND_1" />
      <text name="pindes" originx="1160" originy="-280" style="Default" rotation="0" justify="lowerleft" flipped="False" hidden="False" data="G1" />
    </sympin>
    <sympin number="13" originx="1100" originy="-400" rotation="0" length="100" width="7.8740157480315" flipped="False">
      <text name="pinname" originx="1070" originy="-400" style="Default" rotation="0" justify="right" flipped="False" hidden="False" data="GND_2" />
      <text name="pindes" originx="1160" originy="-380" style="Default" rotation="0" justify="lowerleft" flipped="False" hidden="False" data="G2" />
    </sympin>
    <sympin number="14" originx="1100" originy="-500" rotation="0" length="100" width="7.8740157480315" flipped="False">
      <text name="pinname" originx="1070" originy="-500" style="Default" rotation="0" justify="right" flipped="False" hidden="False" data="GND_3" />
      <text name="pindes" originx="1160" originy="-480" style="Default" rotation="0" justify="lowerleft" flipped="False" hidden="False" data="G3" />
    </sympin>
    <sympin number="15" originx="1100" originy="-600" rotation="0" length="100" width="7.8740157480315" flipped="False">
      <text name="pinname" originx="1070" originy="-600" style="Default" rotation="0" justify="right" flipped="False" hidden="False" data="GND_4" />
      <text name="pindes" originx="1160" originy="-580" style="Default" rotation="0" justify="lowerleft" flipped="False" hidden="False" data="G4" />
    </sympin>
  </symbol>
  <component name="SD-4-B" designatorprefix="J" height="129.52755905512" footprint="SD4B">
    <comppin designator="1" sympin="1" pinswap="0" gateswap="0" gate="1" group="1" side="" type="Any" name="CD/DAT3" />
    <comppin designator="2" sympin="2" pinswap="0" gateswap="0" gate="1" group="1" side="" type="Any" name="CMD" />
    <comppin designator="3" sympin="3" pinswap="0" gateswap="0" gate="1" group="1" side="" type="Any" name="VSS1" />
    <comppin designator="4" sympin="4" pinswap="0" gateswap="0" gate="1" group="1" side="" type="Any" name="VDD" />
    <comppin designator="5" sympin="5" pinswap="0" gateswap="0" gate="1" group="1" side="" type="Any" name="CLK" />
    <comppin designator="6" sympin="6" pinswap="0" gateswap="0" gate="1" group="1" side="" type="Any" name="VSS2" />
    <comppin designator="7" sympin="7" pinswap="0" gateswap="0" gate="1" group="1" side="" type="Any" name="DAT0" />
    <comppin designator="8" sympin="8" pinswap="0" gateswap="0" gate="1" group="1" side="" type="Any" name="DAT1" />
    <comppin designator="9" sympin="9" pinswap="0" gateswap="0" gate="1" group="1" side="" type="Any" name="DAT2" />
    <comppin designator="10" sympin="10" pinswap="0" gateswap="0" gate="1" group="1" side="" type="Any" name="CD" />
    <comppin designator="11" sympin="11" pinswap="0" gateswap="0" gate="1" group="1" side="" type="Any" name="WP" />
    <comppin designator="G1" sympin="12" pinswap="0" gateswap="0" gate="1" group="1" side="" type="Any" name="GND_1" />
    <comppin designator="G2" sympin="13" pinswap="0" gateswap="0" gate="1" group="1" side="" type="Any" name="GND_2" />
    <comppin designator="G3" sympin="14" pinswap="0" gateswap="0" gate="1" group="1" side="" type="Any" name="GND_3" />
    <comppin designator="G4" sympin="15" pinswap="0" gateswap="0" gate="1" group="1" side="" type="Any" name="GND_4" />
    <attached_symbol gate="1" name="SD-4-B" />
    <pinmap designator="1" footprintpin="1" />
    <pinmap designator="2" footprintpin="2" />
    <pinmap designator="3" footprintpin="3" />
    <pinmap designator="4" footprintpin="4" />
    <pinmap designator="5" footprintpin="5" />
    <pinmap designator="6" footprintpin="6" />
    <pinmap designator="7" footprintpin="7" />
    <pinmap designator="8" footprintpin="8" />
    <pinmap designator="9" footprintpin="9" />
    <pinmap designator="10" footprintpin="10" />
    <pinmap designator="11" footprintpin="11" />
    <pinmap designator="G1" footprintpin="12" />
    <pinmap designator="G2" footprintpin="13" />
    <pinmap designator="G3" footprintpin="14" />
    <pinmap designator="G4" footprintpin="15" />
    <text name="Datasheet" originx="0" originy="0" style="Default" rotation="0" justify="" flipped="False" hidden="True" data="https://www.cuidevices.com/product/resource/sd-4-b.pdf" />
    <text name="Description" originx="0" originy="0" style="Default" rotation="0" justify="" flipped="False" hidden="True" data="Memory Card Connectors 11 Positions, Push In, Pull Out, SMT, 2.8 mm Height Above Board," />
    <text name="Mouser Part Number" originx="0" originy="0" style="Default" rotation="0" justify="" flipped="False" hidden="True" data="" />
    <text name="Mouser Price/Stock" originx="0" originy="0" style="Default" rotation="0" justify="" flipped="False" hidden="True" data="" />
    <text name="Manufacturer_Name" originx="0" originy="0" style="Default" rotation="0" justify="" flipped="False" hidden="True" data="CUI Devices" />
    <text name="Manufacturer_Part_Number" originx="1150" originy="200" style="Default" rotation="0" justify="left" flipped="False" hidden="False" data="SD-4-B" />
  </component>
</quadcept_library>
